,0
0003,Zaheer Abbas
0006,Syed Abid Ali
0009,Jimmy Adams
0012,Jonathan Agnew
0013,Saliya Ahangama
0015,Ijaz Ahmed
0018,Mushtaq Ahmed
0021,Shafiq Ahmed
0022,Shakeel Ahmed
0023,Tausif Ahmed
0024,Younis Ahmed
0028,Mansoor Akhtar
0029,Wasim Akram
0031,Intikhab Alam
0032,Terry Alderman
0037,Ashraf Ali
0038,Basit Ali
0042,Liaqat Ali
0058,Paul Allott
0059,Saleem Altaf
0060,Kaushik Amalean
0063,Mohinder Amarnath
0064,Surinder Amarnath
0065,Curtly Ambrose
0068,Dennis Amiss
0069,Praveen Amre
0071,Robert Anderson
0076,Jo Angel
0077,Naved Anjum
0078,Salil Ankola
0079,Sangarange Anurasiri
0081,Saeed Anwar
0088,Taslim Arif
0092,Geoffrey Arnold
0094,Kevin Arnott
0095,Keith Arthurton
0096,Bharathi Arun
0100,Marvan Atapattu
0101,Michael Atherton
0102,Charles Athey
0106,Richard Austin
0107,Arshad Ayub
0108,Kirtivardhan Azad
0109,Mohammad Azharuddin
0110,Sheik Bacchus
0116,Robert Bailey
0118,David Bairstow
0120,Sikander Bakht
0124,Subroto Banerjee
0129,Eldine Baptiste
0135,Wasim Bari
0137,Graham Barlow
0144,Kim Barnett
0158,Graeme Beard
0161,Bishen Bedi
0168,Kenneth Benjamin
0169,Winston Benjamin
0170,Murray Bennett
0171,Mark Benson
0173,Carlisle Best
0177,Martin Bicknell
0181,Roger Binny
0185,Ian Bishop
0190,Tony Blain
0192,Richard Blakey
0204,Stephen Boock
0205,David Boon
0209,Allan Border
0211,Tertius Bosch
0212,Sir Ian Botham
0217,Keith Boyce
0218,Geoff Boycott
0220,Brendon Bracewell
0221,John Bracewell
0222,Grant Bradburn
0226,David Brain
0227,Eddo Brandes
0230,Mike Brearley
0233,Gavin Briant
0235,Raymond Bright
0237,Chris Broad
0249,Vaughan Brown
0256,Mark Burgess
0261,Mark Burmester
0265,Alan Butcher
0267,Roland Butcher
0278,Andy Caddick
0279,Lance Cairns
0280,Chris Cairns
0282,Ian Callen
0289,Alistair Campbell
0290,Gegory Campbell
0292,David Capel
0296,Philip Carlson
0307,Bhagwat Chandrasekhar
0311,Greg Chappell
0312,Ian Chappell
0313,Trevor Chappell
0317,Ewen Chatfield
0319,Chetandra Chauhan
0320,Rajesh Chauhan
0332,Wayne Clark
0334,Sylvester Clarke
0337,Brian Close
0342,David Colley
0343,Richard Collinge
0348,Jeremy Coney
0349,Bevan Congdon
0351,Alan Connolly
0357,Geoffrey Cook
0358,Nicholas Cook
0359,Stephen Cook
0363,Geoffrey Cope
0367,Garry Cosier
0373,Norman Cowans
0374,Christopher Cowdrey
0375,Sir Colin Cowdrey
0389,Gary Crocker
0390,Colin Croft
0392,Hansie Cronje
0393,Jeffrey Crowe
0394,Martin Crowe
0395,Daryll Cullinan
0396,Anderson Cummins
0402,Basil D'Oliveira
0405,Anil Dalpat
0409,Wayne Daniel
0412,Rick Darling
0417,Ian Davis
0418,Simon Davis
0419,Winston Davis
0422,Guy De Alwis
0425,Phillip De Freitas
0426,Richard De Groen
0427,Ashantha De Mel
0428,Ashley de Silva
0429,Somachandra De Silva
0430,Asoka De Silva
0431,Ajit de Silva
0432,Aravinda de Silva
0433,Fanie De Villiers
0439,Michael Denness
0443,Kapil Dev
0447,Roy Dias
0450,Graham Dilley
0454,Anthony Dodemaide
0458,Allan Donald
0462,Dilip Doshi
0464,Simon Doull
0468,Paul Downton
0477,Jeff Dujon
0487,Gregory Dyer
0488,Geoffrey Dymock
0489,John Dyson
0493,Bruce Edgar
0494,Phillippe Edmonds
0495,John Edrich
0497,Graham Edwards
0500,Ross Edwards
0501,Walter Edwards
0503,Manzoor Elahi
0508,Richard Ellison
0509,John Emburey
0515,Farokh Engineer
0520,Neil Fairbrother
0523,Ijaz Faqih
0530,Zahid Fazal
0535,Ellukutige Fernando
0547,Keith Fletcher
0549,Andrew Flower
0550,Grant Flower
0555,Maurice Foster
0556,Neil Foster
0559,Graeme Fowler
0566,Trevor Franklin
0567,Angus Fraser
0569,Roy Fredericks
0574,Bruce French
0582,Anshuman Gaekwad
0590,Joel Garner
0593,Mike Gatting
0595,Sunil Gavaskar
0600,Nadeem Ghauri
0601,Karsan Ghavri
0606,Lance Gibbs
0609,Norman Gifford
0610,David Gilbert
0612,Stuart Gillespie
0615,Gary Gilmour
0625,Larry Gomes
0627,Graham Gooch
0628,Yohan Goonasekera
0629,Hettiarachige Goonatillake
0634,David Gower
0643,Anthony Gray
0644,Evan Gray
0645,Mark Greatbatch
0647,Alvin Greenidge
0648,Gordon Greenidge
0656,Tony Greig
0679,Asanka Gurusinha
0681,Dayle Hadlee
0682,Sir Richard Hadlee
0684,Azeem Hafeez
0695,Jeffrey Hammond
0697,John Hampshire
0707,Roger Harper
0708,Chris Harris
0717,Blair Hartland
0722,Mark Haslam
0726,Brian Hastings
0728,Chandika Hathurusingha
0732,Frank Hayes
0734,Desmond Haynes
0739,Ronald Headley
0740,Ian Healy
0749,Edward Hemmings
0752,Michael Hendrick
0755,Omar Henry
0758,Graeme Hick
0761,Andrew Hilditch
0770,Narendra Hirwani
0777,Thomas Hogan
0778,Rodney Hogg
0780,Vanburn Holder
0781,Michael Holding
0784,Robert Holland
0790,David Hookes
0791,Carl Hooper
0797,Philip Horne
0801,David Houghton
0804,Geoff Howarth
0805,Hedley Howarth
0809,Andrew Hudson
0810,Kim Hughes
0811,Merv Hughes
0817,Alan Hurst
0823,Nasser Hussain
0832,Alan Igglesden
0834,Ray Illingworth
0835,Richard Illingworth
0842,Asif Iqbal
0850,Robin Jackman
0854,Ajay Jadeja
0855,Salim Jaffer
0859,Jalaluddin
0861,John Jameson
0866,Malcolm Jarvis
0867,Paul Jarvis
0869,Aaqib Javed
0871,Rohan Jayasekera
0872,Sanath Jayasuriya
0873,Sridharan Jeganathan
0875,Terrence Jenner
0878,Vinothen John
0885,Andrew Jones
0888,Dean Jones
0896,Bernard Julien
0897,Brendon Julian
0903,Alvin Kallicharran
0904,Lalith Kaluperuma
0905,Sanath Kaluperuma
0906,Romesh Kaluwitharana
0907,Mohsin Kamal
0908,Vinod Kambli
0909,Rohan Kanhai
0921,Martin Kent
0925,Robert Kerr
0928,Imran Khan
0929,Majid Khan
0930,Mohsin Khan
0931,Moin Khan
0932,Nadeem Khan
0933,Rashid Khan
0934,Zakir Khan
0938,Collis King
0944,Syed Kirmani
0945,Gary Kirsten
0946,Peter Kirsten
0952,Alan Knott
0956,Pallemoni Krishnamurthy
0957,Christopher Kuggeleijn
0958,Adrian Kuiper
0959,Rajiv Kulkarni
0962,Anil Kumble
0964,Brendon Kuruppu
0967,Graeme Labrooy
0968,Bruce Laird
0970,Arun Lal
0971,Allan Lamb
0972,Raman Lamba
0973,Clayton Lambert
0975,Justin Langer
0979,Brian Lara
0980,Wayne Larkins
0984,Rodney Latham
0986,Rashid Latif
0987,Trevor Laughlin
0989,David Lawrence
0991,Bill Lawry
0992,Geoff Lawson
0998,Warren Lees
1004,John Lever
1005,Peter Lever
1009,Chris Lewis
1013,Dennis Lillee
1022,Dulip Liyanage
1024,Clive Lloyd
1025,David Lloyd
1026,Timothy Lloyd
1030,Gus Logie
1037,Brian Luckhurst
1050,John Maclean
1051,Sharma Madan Lal
1054,Ranjan Madugalle
1055,Ranjith Madurasinghe
1056,John Maguire
1057,Roshan Mahanama
1058,Shahid Mahboob
1066,Devon Malcolm
1067,Ashok Malhotra
1068,Aamer Malik
1070,Saleem Malik
1072,Ashley Mallett
1073,Michael Malone
1074,Sanjay Manjrekar
1076,Ashok Mankad
1085,Victor Marks
1088,Geoff Marsh
1089,Rod Marsh
1090,Malcolm Marshall
1098,Damien Martyn
1101,Asif Masood
1103,Robert Massie
1108,Craig Matthews
1109,Greg Matthews
1111,Everton Mattis
1113,Tim May
1114,Matthew Maynard
1124,Richard McCosker
1125,Craig McDermott
1129,Paul McEwan
1133,Glenn McGrath
1137,Graham McKenzie
1147,Brian McMillan
1162,Duleep Mendis
1169,Javed Miandad
1177,Geoff Miller
1198,Mushtaq Mohammad
1200,Sadiq Mohammad
1201,Shoaib Mohammad
1206,Tom Moody
1209,Kiran More
1216,John Morris
1219,Danny Morrison
1220,John Morrison
1222,Ezra Moseley
1225,Jeffrey Moss
1228,Martyn Moxon
1231,Asif Mujtaba
1234,Muttiah Muralitharan
1239,David Murray
1240,Deryck Murray
1242,Junior Murray
1246,Sudhir Naik
1249,Tahir Naqqash
1251,Dion Nash
1254,Sarfraz Nawaz
1255,Surendra Nayak
1258,Mudassar Nazar
1259,Aamir Nazir
1260,Mohammed Nazir
1288,Simon O'Donnell
1289,Kerry O'Keeffe
1293,David O'Sullivan
1298,Chris Old
1301,Qasim Omar
1304,Michael Owens
1319,Chandrakant Pandit
1322,Ghulam Parkar
1326,John Parker
1327,Norman Parker
1334,Adam Parore
1335,Derek Parry
1338,Leonard Pascoe
1343,Brijesh Patel
1344,Dipak Patel
1346,Rashid Patel
1349,Sandeep Patil
1350,Balfour Patterson
1351,Thelston Payne
1365,Norbert Phillip
1366,Wayne Phillips
1378,Patrick Pocock
1380,Victor Pollard
1392,Manoj Prabhakar
1397,Mark Priest
1399,Chris Pringle
1400,Derek Pringle
1401,Meyrick Pringle
1407,Andrew Pycroft
1408,Abdul Qadir
1410,Iqbal Qasim
1413,Carl Rackemann
1414,Neal Radford
1415,Clive Radley
1418,Ramiz Raja
1419,Wasim Raja
1421,Lalchand Rajput
1422,Venkatapathy Raju
1424,Woorkeri Raman
1425,Champaka Ramanayake
1429,Mark Ramprakash
1430,Azmat Rana
1432,Anura Ranasinghe
1433,Arjuna Ranatunga
1434,Dammika Ranatunga
1435,Ujesh Ranchod
1436,Derek Randall
1442,Haroon Rashid
1443,Rumesh Ratnayake
1444,Ravi Ratnayeke
1445,Akram Raza
1446,Vivek Razdan
1450,Bharat Reddy
1451,Rodney Redmond
1452,Ian Redpath
1454,Dermot Reeve
1457,Bruce Reid
1458,John Reid
1461,Paul Reiffel
1465,Jonty Rhodes
1469,Clifton Richards
1470,Sir Viv Richards
1473,David Richardson
1476,Richie Richardson
1484,Greg Ritchie
1485,Steve Rixon
1489,Andy Roberts
1490,Andrew Roberts
1491,Gary Robertson
1497,Richard Robinson
1498,Tim Robinson
1500,Graham Roope
1503,Brian Rose
1509,Lawrence Rowe
1515,Mark Rushmere
1517,Jack Russell
1520,Ken Rutherford
1522,Shahid Saeed
1526,Ian Salisbury
1527,Athula Samarasekera
1530,Balwinder Sandhu
1536,Brett Schultz
1548,Thirumalai Sekar
1553,Charith Senanayake
1555,Craig Serjeant
1558,Ali Omarshah
1560,Ajay Sharma
1561,Chetan Sharma
1562,Gopal Sharma
1563,Parthasarathy Sharma
1564,Sanjeev Sharma
1565,Yashpal Sharma
1570,Ravishankar Shastri
1572,Andrew Sheahan
1580,Irvine Shillingford
1582,Sew Shivnarine
1589,Kenneth Shuttleworth
1591,Navjot Sidhu
1594,Amal Silva
1595,Philip Simmons
1597,Bob Simpson
1606,Gursharan Singh
1608,Maninder Singh
1610,Yograj Singh
1612,Laxman Sivaramakrishnan
1613,Wilfred Slack
1615,Michael Slater
1619,Gladstone Small
1621,Milton Small
1627,Christopher Smith
1629,David Smith
1638,Ian Smith
1641,Robin Smith
1642,Stephen Smith
1647,Martin Snedden
1648,Richard Snell
1651,John Snow
1652,Sir Garry Sobers
1653,Aamir Sohail
1655,Eknath Solkar
1664,Kris Srikkanth
1665,Javagal Srinath
1666,Tirumalai Srinivasan
1669,Keith Stackpole
1675,David Steele
1679,Graham Stevenson
1680,Alec Stewart
1683,Derek Stirling
1693,Murphy Su'A
1706,Pat Symcox
1720,Chris Tavare
1723,Bruce Taylor
1729,Jonathan Taylor
1731,Leslie Taylor
1732,Mark Taylor
1733,Peter Taylor
1734,Robert Taylor
1735,Sachin Tendulkar
1740,John Thomas
1744,Froggy Thomson
1745,Jeff Thomson
1748,Shane Thomson
1750,Graham Thorpe
1752,Hashan Tillakaratne
1754,Fred Titmus
1755,Roger Tolchard
1757,Peter Toohey
1762,Athanasios Traicos
1772,Gary Troup
1781,Phil Tufnell
1783,Alan Turner
1785,Glenn Turner
1793,Nasim
1794,Inzamam
1798,Derek Underwood
1799,Ata
1800,Rizwan
1808,Robert Vance
1810,Justin Vaughan
1812,Michael Veletta
1813,Dillip Vengsarkar
1814,Srinivas Venkataraghavan
1815,Margasaghayam Venkataramana
1822,Gundappa Viswanath
1823,Sandanand Viswanath
1824,Graham Vivian
1832,Ajit Wadekar
1833,Kenneth Wadsworth
1839,Max Walker
1843,Courtney Walsh
1847,Doug Walters
1854,Bandula Warnapura
1855,Khahakachchi Warnaweera
1856,Shane Warne
1861,Atul Wassan
1862,Steven Watkin
1867,Graeme Watson
1870,Willie Watson
1872,Mark Waugh
1873,Steve Waugh
1876,Peter Webb
1883,Dirk Wellham
1885,Kepler Wessels
1888,Mithra Wettimuny
1889,Sidath Wettimuny
1891,Davenell Whatmore
1892,John Whitaker
1893,David White
1899,Michael Whitney
1902,Pramodya Wickremasinghe
1903,Gamini Wickremasinghe
1904,Julien Wiener
1907,Kapila Wijegunawardene
1908,Roger Wijesuriya
1912,Peter Willey
1914,David Williams
1917,Bob Willis
1927,Barry Wood
1929,Graeme Wood
1932,Ashley Woodcock
1937,Roger Woolley
1938,Robert Woolmer
1944,John Wright
1945,Kevin Wright
1949,Nandlal Yadav
1950,Vijay Yadav
1952,Graham Yallop
1953,Bruce Yardley
1955,Bryan Young
1959,Waqar Younis
1960,Saleem Yousuf
1964,Timothy Zoehrer
1966,Zulquarnain
1969,Ruwan Kalpage
1970,Pubudu Dassanayake
1971,Kumar Dharmasena
1973,Clive Eksteen
1975,Matthew Hart
1976,Matthew Hayden
1977,Stephen Fleming
1978,Nayan Mongia
1979,Shivnarine Chanderpaul
1980,Stuart Williams
1981,Dulip Samaraweera
1982,Glen Bruk
1983,Mark Dekker
1984,Stephen Peall
1985,John Rennie
1986,Heath Streak
1987,Guy Whittall
1989,Steven Rhodes
1990,Craig White
1991,Gavin Larsen
1992,Heath Davis
1993,Wayne James
1994,Ashfaq Ahmed
1995,Darren Gough
1996,John Crawley
1997,Joseph Benjamin
1998,Ravindra Pushpakumara
1999,Sanjeeva Ranatunga
2000,Chaminda Vaas
2001,Kabir Khan
2002,Michael Bevan
2003,Damien Fleming
2004,Philip Emery
2005,Paul Strang
2006,Darrin Murray
2007,Cameron Cuffy
2008,Rajindra Dhanraj
2009,Aashish Kapoor
2010,Steven Jack
2012,Phillipus Steyn
2013,Greg Blewett
2015,Sherwin Campbell
2016,Stuart Carlisle
2017,Bryan Strang
2018,Iain Butchart
2019,Henry Olonga
2020,Courtney Browne
2021,Kerry Walmsley
2022,Chamara Dunusinghe
2023,Peter Martin
2024,Dominic Cork
2025,Ottis Gibson
2027,Nicholas Knight
2028,Michael Watkinson
2029,Alan Wells
2031,Saleem Elahi
2032,Saqlain Mushtaq
2033,Mohammad Akram
2034,Ijaz Ahmed
2035,Craig Wishart
2036,Alan Lock
2037,Lee Germon
2038,Roger Twose
2039,Shaun Pollock
2040,Stuart Law
2041,Ricky Ponting
2042,Craig Spearman
2043,Jacques Kallis
2044,Paul Adams
2045,Kelaniyage Silva
2046,Nathan Astle
2048,Robert Kennedy
2049,Geoffrey Allott
2050,Robert Samuels
2051,Patterson Thompson
2052,Vikram Rathore
2053,Sunil Joshi
2054,Paras Mhambrey
2055,Venkatesh Prasad
2056,Alan Mullally
2057,Ronald Irani
2059,Sourav Ganguly
2060,Rahul Dravid
2061,Mark Ealham
2062,Shadab Kabir
2064,Robert Croft
2065,Craig Evans
2066,Andrew Whittall
2068,Brad Hogg
2069,Shahid Nazir
2070,Azam Khan
2071,Hasan Raza
2072,Mohammad Hussain
2073,Everton Matambanadzo
2074,Mpumelelo Mbangwa
2075,Matthew Elliott
2076,Michael Kasprowicz
2077,Mohammad Wasim
2078,Zahoor Elahi
2079,V V S Laxman
2080,Herschelle Gibbs
2081,Lance Klusener
2082,Jason Gillespie
2083,Mohammad Zahid
2084,Andrew Waller
2085,Christopher Silverwood
2086,Adam Bacher
2087,Doddanarasiah Ganesh
2088,Adrian Griffith
2089,Andy Bichel
2090,Daniel Vettori
2091,Matthew Horne
2092,Franklyn Rose
2093,Roland Holder
2094,Abey Kuruvilla
2095,Nuwan Zoysa
2096,Sajeewa de Silva
2097,Merwyn Dillon
2098,Russel Arnold
2100,Floyd Reifer
2101,Dean Headley
2103,Nilesh Kulkarni
2104,Mahela Jayawardene
2105,Adam Hollioake
2106,Ben Hollioake
2107,Debashish Mohanty
2109,Adam Huckle
2110,Shayne O'Connor
2111,Gavin Rennie
2113,Azhar Mahmood
2116,Mark Boucher
2118,Craig McMillan
2120,Lanka de Silva
2121,Arshad Khan
2122,Rawl Lewis
2123,Philo Wallace
2124,Shoaib Akhtar
2125,Murray Goodwin
2126,Stuart MacGill
2127,Nixon McLean
2129,Mohammad Yousuf
2130,Fazl
2131,Dinanath Ramnarine
2132,Gavin Robertson
2133,Harvinder Singh
2134,Trevor Madondo
2135,Dirk Viljoen
2136,Paul Wilson
2137,Makhaya Ntini
2138,Harbhajan Singh
2139,Darren Lehmann
2140,Adam Dale
2141,Gerhardus Liebenberg
2142,Paul Wiseman
2143,M Bandarathilake
2144,C Bandara
2146,Ashley Giles
2147,Steven Elworthy
2148,Andrew Flintoff
2149,Suresh Perera
2152,Shahid Afridi
2153,David Terbrugge
2154,Ridley Jacobs
2155,Alex Tudor
2157,Neil Johnson
2158,Robin Singh
2159,Ajit Agarkar
2162,Darren Ganga
2163,Matthew Bell
2165,Reon King
2166,Sadagopan Ramesh
2167,Wajahatullah Wasti
2168,Ashish Nehra
2169,Ruchira Perera
2170,Kalutarage Upashantha
2172,Pedro Collins
2174,Imran Nazir
2175,Avishka Gunawardene
2177,Upul Chandana
2178,Nehemiah Perry
2180,Corey Collymore
2182,Chris Read
2183,Darren Maddy
2185,Rangana Herath
2186,Devang Gandhi
2187,Mannava Prasad
2188,Vijay Bhardwaj
2189,Trevor Gripper
2190,Boeta Dippenaar
2191,Abdul Razzaq
2192,Adam Gilchrist
2194,Gary Brent
2195,Indika Gallage
2196,Indika De Saram
2197,Tillakaratne Dilshan
2198,Christopher Adams
2199,Gavin Hamilton
2200,Michael Vaughan
2201,Ray Price
2202,Nantie Hayward
2203,Ricardo Powell
2204,Hrishikesh Kanitkar
2205,Brett Lee
2206,Matthew Sinclair
2207,Pieter Strydom
2208,Wasim Jaffer
2209,Murali Kartik
2210,Nico Boje
2211,Younis Khan
2212,Nikhil Chopra
2213,Mohammad Kaif
2214,Atiq
2215,Irfan Fazil
2216,Wavell Hinds
2217,Chris Gayle
2218,Brian Murphy
2219,Daryl Tuffey
2220,Ramnaresh Sarwan
2222,Mluleki Nkala
2223,Dilhara Fernando
2224,Matthew Hoggard
2225,Prasanna Jayawardene
2226,Kumar Sangakkara
2227,Neil McKenzie
2228,Marcus Trescothick
2229,Mahendra Nagamootoo
2230,David Mutendera
2231,Mark Richardson
2232,Naimuir Rahman
2233,Shahriar Hossain
2234,Mehrab Hossain
2235,Habibul Bashar
2236,Aminul Islam
2237,Akram Khan
2238,Al Sahariar Rokon
2239,Khaled Mashud
2240,Mohammad Rafique
2241,Hasibul Hussain
2243,Shiv Das
2244,Saba Karim
2245,Zaheer Khan
2247,Vijay Dahiya
2248,Chris Martin
2249,Brooke Walker
2250,Marlon Black
2251,Sarandeep Singh
2252,Danish Kaneria
2254,Hamish Marshall
2255,Marlon Samuels
2256,Colin Stuart
2257,Douglas Marillier
2258,Justin Kemp
2259,Rahul Sanghvi
2260,Imran Farhat
2261,Faisal Iqbal
2262,Misbah
2263,James Franklin
2264,Mohammad Sami
2601,Aamer Hameed
2602,Aamer Hanif
2603,Josephat Ababu
2604,Shafiek Abrahams
2605,Ahmed Kamal
2606,Akhtar Sarfraz
2607,Alam Talukdar
2608,Rajab Ali
2609,Mark Alleyne
2610,Michael Allingham
2611,Aminul Islam Jnr
2612,Joseph Angara
2614,Anisur Rehman
2615,Hamish Anthony
2616,Flavian Aponso
2617,Arshad Laeeq
2618,Arshad Pervez
2619,Asif Mahmood
2620,Asim Butt
2621,Athar Ali Khan
2622,Ian Austin
2623,Azhar Hossain
2624,Azhar Saeed
2625,Hemang Badani
2626,Sairaj Bahutule
2627,Mark Bailey
2628,Paul
2629,Showkat Baksh
2630,Atul Bedade
2631,Dale Benkenstein
2632,Amit Bhandari
2633,Bhupinder Singh
2634,Glenn Bishop
2635,John Blain
2636,Bruce Blair
2637,Andy Blignaut
2638,Gopal Bose
2639,Hemantha Boteju
2640,Nathan Bracken
2641,James Brinkley
2642,Alistair Brown
2643,Douglas Brown
2644,Robin Brown
2645,Barrington Browne
2646,Henderson Bryan
2647,Rudi Bryson
2648,Carl Bulfin
2649,David Callaghan
2650,Robert Callender
2651,Peter Cantrell
2652,Vakkadai Chandrasekhar
2653,Christopher Chappell
2654,Utpal Chatterjee
2655,Dipak Chudasama
2656,Nolan Clarke
2657,Peter Coman
2658,Derek Crookes
2659,Kevin Curran
2660,Noel David
2661,Alec Davies
2662,Sean Davies
2663,Alan Dawson
2664,Timotheus de Leede
2665,Stanley de Silva
2666,Granville De Silva
2667,Franklym Dennis
2668,Pankaj Dharmani
2669,Michael Di Venuto
2670,Sameer Dighe
2671,Mark Douglas
2672,Vasbert Drakes
2673,Christopher Drum
2674,Kevin Duers
2675,Shaukat Dukanwala
2676,Nicholas Dyer
2677,Enamul Haque
2678,Ebrahim Essop
2681,Faruk Ahmed
2682,Ranjit Fernando
2683,Thewarathantrige Fernando
2684,Nisal Fernando
2685,Matthew Fleming
2686,Duncan Fletcher
2688,Paul Franks
2689,Frasat Ali
2690,Travis Friend
2691,Richard Gabriel
2692,Janak Gamage
2693,Gazi Ashraf
2694,Rajinder Ghai
2695,Golam Faruq
2696,Gholam Nousher
2697,Ghulam Ali
2698,Ranjan Goonatillake
2699,Eric Gouka
2700,Ian Gould
2701,Shaun Graf
2702,Paul Grayson
2703,Aruna Gunawardene
2704,Sandeep Gupta
2705,Haafiz Shahid
2707,Brad Haddin
2708,Barry Hadlee
2709,Hafizur Rahman
2710,Andrew Hall
2712,Harilal Shah
2713,Ronald Hart
2714,Harun
2715,Ian Harvey
2716,Hasan Jamil
2717,Roydon Hayes
2718,Robert Haynes
2719,Cornelius Henry
2720,Jack Heron
2721,Peter Heyn
2722,Vincent Hogg
2723,Llorne Howell
2724,Geoffrey Humpage
2725,Imran Abbas
2726,Imtiaz Abbasi
2727,Tariq Iqbal
2728,Iqbal Sikander
2729,Irfan Bhatti
2730,Jahangir Alam
2731,Jahangir Shah
2732,Floris Jansen
2733,Javed Omar
2734,Javed Qadeer
2735,Jawahir Shah
2736,Sunil Jayasinghe
2737,Kerry Jeremy
2738,Trevor Jesty
2739,Sylvester Joseph
2740,James Kamande
2741,Aasif Karim
2742,Shaul Karnain
2743,Simon Katich
2744,Khaled Mahmud
2745,Surinder Khanna
2746,Gagan Khoda
2747,Amay Khurasiya
2748,Louis Koen
2749,Thirunavukkar Kumaran
2750,Shane Lee
2751,Roland Lefebvre
2752,Graham Lloyd
2753,James Love
2754,Steven Lubbers
2755,Monte Lynch
2756,Angus Mackay
2757,Kenneth MacLeay
2758,Mafizur Rahman
2759,Mahbubur Rahman
2760,James Maher
2761,Mahmood Hamid
2762,Manjural Islam
2763,Mansoor Rana
2764,Manzoor Akhtar
2765,Maqsood Rana
2766,Cecil Marshall
2767,Gary Martin
2768,Jacob Martin
2769,Masood Iqbal
2770,Bryan Mauricette
2771,Mazhar Hussain
2772,Rodney McCurdy
2773,Neil McGarrell
2774,Brian McKechnie
2775,Hamish McLeod
2776,Ervin McSweeney
2777,Mehmood Quaraishy
2778,Vijay Mehra
2779,Praful Mehta
2780,Babu Meman
2781,Chaminda Mendis
2782,Jonathan Millmow
2783,Minhajul Abedin
2784,Hitesh Modi
2785,Mohammad Aslam
2786,Mohammad Ishaq
2787,Moin
2788,Morshed Ali Khan
2789,Phenyo Mpitsang
2790,Mujahid Jamshed
2791,Saradindu Mukherjee
2792,Arachchige Munasinghe
2793,Mushfiqur Rahman
2794,Ganesh Mylvaganam
2795,Naeem Ahmed
2796,Naeem Ashraf
2797,John Nagenda
2798,Parbhu Nana
2799,Naseer Malik
2800,Nasir Ahmed
2801,Naveed Nawaz
2802,Neeyamur Rashid
2803,Christopher Nevin
2804,Nurul Abedin
2805,Peter Ongondo
2806,Thomas Odoyo
2807,Edward Odumbe
2808,Maurice Odumbe
2809,Lamech Onyango
2810,Antony Opatha
2811,Jacob Oram
2812,Kennedy Otieno
2813,Steven Palframan
2814,Gyanendra Pandey
2815,Jatin Paranjpe
2816,Sudath Pasqual
2817,Ashok Patel
2818,Jitendra Patel
2819,Grant Paterson
2820,Bruce Patterson
2821,Gerald Peckover
2822,Andrew Penn
2823,Gamini Perera
2825,Pervez Mir
2826,Richard Petrie
2827,Iain Philip
2828,Mevan Pieris
2829,Riaz Poonawala
2830,Graeme Porter
2831,Nic Pothas
2832,Donald Pringle
2833,Milton Pydanna
2834,Rafiqul Alam
2835,Keerhi Ranasinghe
2836,Nishantha Ranatunga
2837,Randhir Singh
2838,Raqibul Hasan
2839,Nilantha Ratnayake
2840,Sanjay Raul
2841,Peter Rawson
2842,Richard Reid
2843,Clive Rice
2844,Michael Rindel
2845,Stuart Roberts
2846,David Rundle
2847,Saadat Ali
2848,Saeed Azad
2849,Saeed
2850,Saiful Islam
2851,Sajid Ali
2852,Sajjad Ahmed
2853,Sajjad Akbar
2854,Saleem Pervez
2855,Saleem Raza
2856,George Salmond
2857,Johanne Samarasekera
2858,Thilan Samaraweera
2859,Samiur Rahman
2861,Sanwar Hossain
2862,Marcelis Schewe
2863,Glenroy Sealy
2864,Keith Semple
2865,Ramesh Sethi
2866,Shabbir Ahmed
2867,Shafiuddin Ahmed
2868,Ravindu Shah
2869,Shaheedur Rahman
2870,Shahid Anwar
2871,Shakeel Khan
2872,Shariful Haque
2874,Timothy Shaw
2875,Shehzad Altaf
2876,Mohammad Sheikh
2877,Salahuddin Ahmed
2878,Virender Sehwag
2879,Shoaib Malik
2880,Laxmi Shukla
2881,James Siddons
2882,Chamara Silva
2883,Eric Simons
2884,R. P. Singh
2885,Michael Smith
2886,Michael Smith
2887,Neil Smith
2888,Reetinder Sodhi
2889,Sohail Butt
2890,Sohail Fazal
2891,Vikram Solanki
2892,Sujith Somasunder
2893,Sridharan Sriram
2894,Ian Stanger
2895,Martin Stead
2896,Errol Stewart
2897,Leslie Stott
2898,Anthony Stuart
2899,Scott Styris
2900,Sudhakar Rao
2901,Anthony Suji
2902,Martin Suji
2903,Sultan Zarawani
2904,Glen Sulzberger
2905,Shiraz Sumar
2906,Graeme Swann
2907,Andrew Symonds
2908,Alex Tait
2909,Tanvir Mehdi
2910,Tariq Javed
2911,Roger Telemachus
2912,Anura Tennekoon
2913,David Tikolo
2914,Stephen Tikolo
2915,Michael Tissera
2916,Glenn Trimble
2917,Carl Tuckett
2918,Shaun Udal
2919,Aldesh Vadher
2920,Prashant Vaidya
2921,John Valentine
2922,Klass
2923,Robert Van Oosterom
2924,Cornelius Van Zyl
2925,John Vaughan
2926,Mark Vermeulen
2927,Lou Vincent
2928,Dudley Vonhagt
2929,Wahidul Gani
2930,Samuel Walusimbi
2931,Wasim Haider
2932,Richard Webb
2933,Ajith Weerakkody
2934,Kaushalya Weeraratne
2935,Colin Wells
2936,Vincent Wells
2937,Sunil Wettimuny
2938,Hemantha Wickramaratne
2939,Henry Williams
2940,Laurie Williams
2941,Greig Williamson
2942,Charl Willoughby
2943,Jeffrey Wilson
2944,Warren Wisneski
2945,Mandy Yachad
2946,Yasir Arafat
2947,Bradley Young
2948,Yunus Badat
2949,Yuvraj Singh
2950,Zafar Iqbal
2951,Zahid Ahmed
2952,Zahid Razzak
2953,Zakir Hasan
2954,Andris Zesers
2955,Bas Zuiderent
2956,Zulfiqar Ali
2958,Humayun Farhat
2959,Dinesh Mongia
2960,Mohammed Sharif
2961,Dion Ebrahim
2962,Akalanka Ganegarma
2963,Andre Adams
2964,Mohammad Ashraful
2965,Kashif Raza
2966,Kyle Mills
2967,Leon Garrick
2969,Justin Ontong
2970,Andre Nel
2971,Ryan Sidebottom
2973,Paul Collingwood
2974,Owais Shah
2975,Tatenda Taibu
2977,Hamilton Masakadza
2978,David Obuya
2979,Collins Obuya
2980,Brijal Patel
2982,Taufeeq Umar
2983,Michael Vandort
2984,Douglas Hondo
2985,Claude Henderson
2986,James Foster
2987,Robert Kirtley
2988,Jeremy Snape
2989,Deep Dasgupta
2990,Sean Ervine
2991,Charl Langeveldt
2992,Charitha Fernando
2993,Prabath Nissanka
2994,Naved Latif
2995,Mashrafe Mortaza
2996,Shane Bond
2997,Fahim Muntasir
2998,Tushar Imran
2999,Sanjay Bangar
3000,Tinu Yohannan
3003,Jermaine Lawson
3004,Ryan Hinds
3005,Darryl Brown
3006,Brad Williams
3007,Ryan Campbell
3008,Brendon McCullum
3009,Ajay Ratra
3010,Tareq Aziz
3011,Ian Butler
3012,Runako Morton
3013,Ashwell Prince
3014,Graeme Smith
3016,Nathan Hauritz
3017,Shane Watson
3018,John Kent
3020,Robert Hart
3021,Paul Hitchcock
3022,Daren Powell
3023,Talha Jubair
3024,Ehsanul Haque
3026,Hannan Sarkar
3028,Simon Jones
3029,Chamila Lakshitha
3030,Jehan Mubarak
3031,Alok Kapali
3032,Tapash Baisya
3033,Hasantha Fernando
3034,Pulasthi Gunaratne
3035,Parthiv Patel
3036,Robert Key
3037,Stephen Harmison
3038,Jacob
3039,Victor Grandia
3040,Adeel Raja
3041,Edgar Schiferli
3042,Reiout Scholte
3043,Daan van Bunge
3044,Lucas van Troost
3045,Ian Blackwell
3046,Mazharul Haque
3047,Jan Kloppenburg
3048,Hendrik Mol
3049,Robin Peterson
3050,Martin van Jaarsveld
3051,Rafiqul Islam
3052,Anwar Hossain Monir
3054,Jai Yadav
3055,Blessing Mahwire
3056,Kamran Akmal
3057,Lakshmipathy Balaji
3058,Barney Rogers
3059,Stuart Matsikenyeri
3060,Richard Sims
3061,Waddington Mwayenga
3062,Anwar Hossain
3063,Monde Zondeki
3064,Gareth Batty
3065,James Anderson
3067,Michael Clarke
3068,Riaan Walters
3069,Stephan Swanepoel
3070,Andries Burger
3071,Daniel Keulder
3072,Bryan Murgatroyd
3073,Morne Karg
3074,Deon Kotze
3075,Louis Burger
3076,Gerrie Synman
3077,Jan Louw
3078,Bjorn Kotze
3079,Ashish Bagai
3080,Ian Billcliff
3081,Desmond Chumney
3082,Austin Codrington
3083,John Davison
3084,Nicholas De Groot
3085,Joseph Harris
3086,Davis Joseph
3087,Ishwar Maraj
3088,Fazil Sattaur
3089,Sanjayan Thuraisingam
3090,Jeroen Smits
3091,Nick Statham
3092,Rudolph van Vuuren
3093,Melt van Schoor
3094,Sarel Burger
3095,Barry Seebaran
3096,Nicholas Ifill
3097,Burton van Rooi
3098,Ashish Patel
3099,Abdool Samad
3100,Umar Gul
3101,Mohammad Hafeez
3102,Naved
3103,Alfred Luseno
3104,Kaushal Lokuarachchi
3105,Devon Smith
3106,Aavishkar Salvi
3107,Gautam Gambhir
3108,Amit Mishra
3109,Jacques Rudolph
3110,Abhijit Kale
3111,Mohammad Salim
3112,David Bernard
3113,Carlton Baugh
3114,Tino Best
3115,Omari Banks
3116,Dharshana Gamage
3117,Yasir Hameed
3118,Anthony McGrath
3119,Faisal Athar
3120,Ryan Hurley
3121,Richard Johnson
3122,Jerome Taylor
3123,Rikki Clarke
3124,Jamie Troughton
3125,Fidel Edwards
3126,Thilan Thushara
3127,Kabir Ali
3128,Charles Coventry
3129,Morne van Wyk
3131,Rajin Saleh
3132,Salman Butt
3135,Junaid Zia
3138,Gavin Ewing
3139,Enamul Haque
3141,Vusi Sibanda
3142,Jamaluddin Ahmed
3143,Manjural Islam Rana
3144,Nafis Iqbal
3145,Moniruzzaman
3146,Dinusha
3147,Nuwan Kulasekara
3148,Andrew Strauss
3149,Ravi Rampaul
3150,Michael Mason
3151,Matthew Walker
3152,Richard Jones
3153,Craig Cumming
3154,Alester Maregwede
3155,Tama Canning
3156,Irfan Pathan
3157,Dwayne Smith
3158,Dave Mohammed
3159,Rohan Gavaskar
3160,Michael Hussey
3161,Michael Papps
3162,Albie Morkel
3163,W Jayantha
3164,Ramesh Powar
3165,Geraint Jones
3166,Dwayne Bravo
3167,Elton Chigumbura
3168,Tinashe Panyangara
3169,Brendan Taylor
3170,Prosper Utseya
3171,Farveez Maharoof
3172,Thilina Kandamby
3173,Tawanda Mupariwa
3174,Ian Bradshaw
3175,Faisal Hossain
3176,Edward Rainsford
3177,Gareth Hopkins
3178,Lasith Malinga
3179,Sajid Mahmood
3180,Abdur Razzak
3181,Timothy Smart
3182,Manoj Cheruparambil
3183,Alexander French
3184,Tabarak Dar
3185,John Lamsam
3186,Rahul Sharma
3187,Ilyas Gul
3188,Najeeb Amar
3189,S Lama
3190,Afzaal Haider
3191,Khalid Khan
3192,Asim Saeed
3193,Arshad Ali
3194,Fahad Usman
3195,Naeemuddin Aslam
3196,Khurram Khan
3197,Syed Maqsood
3198,Asghar Ali
3199,Mohammad Tauqir
3200,Abdul Rehman
3201,Ali Asad
3202,Rizwan Latif
3203,Sameer Zia
3204,Ramveer Rai
3205,Nasir Hameed
3206,Nadeem Ahmed
3207,Ian Bell
3208,Jean
3209,Alexander Wharf
3210,Dinesh Karthik
3211,Rohan Alexander
3212,Mark Johnson
3213,Leon Romero
3214,Steve Massiah
3215,Richard Staple
3217,Jignesh Desai
3218,Aijaz Ali
3219,Rashid Zia
3220,Charles Reid
3221,Howard Johnson
3222,Maurice Ouma
3223,Rageg Aga
3224,Aftab Ahmed
3225,Nazmul Hossain
3226,Donovan Blake
3227,Nasir Javed
3228,Darren Sammy
3229,Malhar Patel
3230,Bazid Khan
3231,Iftikhar Anjum
3233,Peter Fulton
3236,Hashim Amla
3237,Chris Mpofu
3238,Kevin Pietersen
3239,Matthew Prior
3240,Mohammad Khalil
3241,A B de Villiers
3242,Dale Steyn
3243,M S Dhoni
3244,Joginder Sharma
3245,Mohammad Asif
3246,Graeme Cremer
3269,Xavier Marshall
3270,Sean Williams
3271,James Marshall
3272,Lance Hamilton
3273,James Hopes
3274,Iain O'Brien
3276,Narsingh Deonarine
3279,Mushfiqur Rahim
3280,Shahadat Hossain
3281,Johnathan Lewis
3282,Christopher Tremlett
3283,Shahriar Nafees
3285,Denesh Ramdin
3286,Ryan Ramdass
3287,Suresh Raina
3288,Yalaka Venugopal Rao
3289,Loku Dilhara
3290,Deighton Butler
3291,Upul Tharanga
3292,Pradeep Jayaprakashdaran
3294,Keith Dabengwa
3318,Anthony Ireland
3319,Shaun Tait
3320,Justice Chibhabha
3321,Jeetan Patel
3323,Syed Rasel
3324,Terry Duffin
3325,Cameron White
3326,Stuart Clark
3327,Sreesanth
3328,Andrew Puttick
3329,Johan Botha
3330,Bradley Hodge
3331,Liam Plunkett
3332,R P Singh
3333,Michael Lewis
3334,Mitchell Johnson
3335,Philip Jaques
3336,Jamie How
3337,Garnett Kruger
3338,Brett Dorey
3339,Johannes van der Wath
3340,Chamara Kapugedera
3341,Dhammika Prasad
3342,Keegan Meth
3343,Piet Rinke
3344,Gregory Strydom
3345,Tanmay Mishra
3346,Nehemiah Odhiambo
3347,Ryan Higgins
3348,Ross Taylor
3349,Alastair Cook
3350,Monty Panesar
3351,Piyush Chawla
3352,Munaf Patel
3353,Kalpesh Patel
3354,Vikram Singh
3355,Robin Uthappa
3356,Daniel Cullen
3357,Mark Cosgrove
3358,Sewnarine Chattergoon
3359,Geoffrey Barnett
3360,Umar Bhatti
3361,Sunil Dhaniram
3362,Haninder Dhillon
3363,Stewart Heaney
3364,Henry Osinde
3365,Kevin Sandher
3366,Lionel Cann
3367,Hasan Durham
3368,Dwayne Leverock
3369,Dean Minors
3370,Daniel Morgan
3371,Saleem Mukuddem
3372,George O'Brien
3373,Azeem Pitcher
3374,Irvine Romaine
3375,Janeiro Tucker
3376,Kwame Tucker
3377,George Codrington
3378,Donovan Maxwell
3379,Treadwell Gibbons
3380,Kevin Hurdle
3381,Ryan Steede
3382,Andre Botha
3383,Jeremy Bray
3384,Peter Gillespie
3385,Trent Johnston
3386,Dominick Joyce
3387,Dave Langford
3388,William McCallan
3389,John Mooney
3390,Paul Mooney
3391,Kevin O'Brien
3392,Andrew White
3393,Ed Joyce
3394,Glen Chapple
3395,James Dalrymple
3396,Timothy Bresnan
3397,Alexander Loudon
3398,Neil MacRae
3399,Ryan Watson
3400,Colin Smith
3401,Neil McCallum
3402,Dewal Nel
3403,Paul Hoffmann
3404,Ross Lyons
3405,Douglas Lockhart
3406,Darren Reekers
3407,Ryan ten Doeschate
3408,Alexei Kervezee
3409,Peter Borren
3410,William Stelling
3411,Mohammad Kashif
3412,Peter Seelaar
3413,Eric Szwarczynski
3414,Farhad Reza
3415,Tafadzwa Mufambisi
3416,Eoin Morgan
3417,Niall O'Brien
3418,William Porterfield
3419,Navdeep Poonia
3420,Omer Hussain
3421,Craig Wright
3422,Hiren Varaiya
3423,Qaiser Ali
3424,Tom de Grooth
3425,Fraser Watts
3426,Shakib Al Hasan
3427,Steven Outerbridge
3428,Delyone Borden
3429,Clay Smith
3430,Sandeep Jyoti
3431,Surendra Seeraj
3432,Durand Soraine
3433,Steven Welsh
3434,Stuart Broad
3435,Michael Yardy
3436,Loots Bosman
3437,Alviro Petersen
3438,Tafadzwa Kamungozi
3439,Mehrab Hossain
3440,Malachi Jones
3441,David Hemp
3442,Stefan Kelly
3443,Ashif Mulla
3444,Mark Jonkman
3445,Maurits van Nierop
3446,Abdur Rehman
3447,Lendl Simmons
3448,Tinotenda Mawoyo
3449,Glenn Rogers
3450,Rana Haq
3451,Morne Morkel
3452,Mark Gillespie
3453,Paul Harris
3454,Paul Nixon
3455,Ben Hilfenhaus
3456,Malachy Loye
3457,Rayad Emrit
3458,Kenneth Carroll
3459,Boyd Rankin
3460,Ravinda Bopara
3461,Tamim Iqbal
3462,Friday Kasteni
3463,Adam Voges
3464,Oliver Pitcher
3465,Kieron Pollard
3466,Ishara Amerasinghe
3467,Malinda Warnapura
3468,Fawad Alam
3469,Najaf Shah
3470,Ishant Sharma
3471,Marthinus Fourie
3472,Roger Whelan
3473,Gary Wilson
3474,Rohit Sharma
3475,Alex Cusack
3476,Vernon Philander
3477,Thandi Tshabalala
3478,Dimitri Mascarenhas
3479,Trevin Bastiampillai
3480,Mohsin Mulla
3481,Shahzad Khan
3482,Mudassar Bukhari
3483,Atse Buurman
3484,Gary Kidd
3485,Geert
3486,Gordon Drummond
3487,Austin Richards
3488,Mahmudullah
3489,Dwight Basden
3490,James Celestine
3491,Jekon Edness
3492,Jacobi Robinson
3493,Mangesh Panchel
3494,Christopher Lonsdale
3495,Maurits Jonkman
3496,Arthur Pitcher
3497,Gulam Bodi
3498,Timycen Maruma
3499,Luke Wright
3500,Philip Mustard
3501,Dilruwan Perera
3502,Sohail Tanvir
3503,Abdul Jabbar
3504,Mohammad Iqbal
3505,Arvindah Kandappah
3506,Aftabodeen Shamsuden
3507,Jason Patraj
3508,Calvert Hooper
3509,Alex Obanda
3510,Elijah Otieno
3511,Rodney Trott
3512,Kyle Hodsoll
3513,Sarfraz Ahmed
3514,Praveen Kumar
3515,Brenton Parchment
3516,Chanaka Welegedara
3517,Junaid Siddique
3520,Samiullah Khan
3521,Nasir Jamshed
3522,Kamran Hussain
3523,Patrick Browne
3524,Khalid Latif
3525,Sohail Khan
3526,Abdur Rauf
3527,Khurram Manzoor
3528,Rizwan Ahmed
3529,Wahab Riaz
3530,Manoj Tiwary
3531,Ashley Noffke
3532,Jesse Ryder
3533,Daniel Flynn
3534,Timothy Ambrose
3535,Dhiman Ghosh
3536,Mosharraf Hossain
3537,Raqibul Hasan
3538,Nazimuddin
3539,Reinhardt Strydom
3540,Greg Thompson
3541,Grant Elliott
3542,Tim Southee
3543,Sulieman Benn
3544,Mahela Udawatte
3545,Ajantha Mendis
3546,Naumanullah
3547,Aaron Redmond
3549,Dolar Mahmud
3550,Yusuf Pathan
3552,Fahad Alhashmi
3553,Amjad Ali
3554,Amjad Javed
3555,Indika Batuwitarachchi
3556,Saqib Ali
3557,Vikrant Shetty
3558,Shadeep Silva
3559,Zahid Shah
3560,James Atkinson
3561,Shaun Marsh
3562,Andre Fletcher
3563,Husain Butt
3564,Irfan Ahmed
3565,Courtney Kruger
3566,Munir Dar
3567,Skhawit Ali
3568,Zain Abbas
3569,Manpreet Gony
3570,Alawi Shukri
3571,Aman Ali
3572,Nizel Fernandes
3573,Luke Ronchi
3574,Pragyan Ojha
3575,Oronde Bascombe
3576,Christopher Foggo
3577,Tamauri Tucker
3578,Harvir Baidwan
3579,Zubin Surkari
3580,Mansoor Amjad
3581,Sami Faridi
3582,Peter Connell
3583,Philip Eaglestone
3584,Ryan Haire
3585,Andrew Poynter
3586,Paul Stirling
3587,Delano Hollis
3588,Mclaren Smith
3589,Ruvindu Gunasekera
3590,Eion Katchay
3591,Saeed Ajmal
3592,Richard Berrington
3593,Gordon Goudie
3594,Qasim Sheikh
3595,David Hussey
3596,Shawn Findlay
3597,Nikita Miller
3599,Lesley Stokkers
3600,Virat Kohli
3601,Chris Douglas
3602,Manoj David
3603,Karun Jethi
3604,Rizwan Cheema
3605,Samit Patel
3606,Calum Macleod
3607,Kyle Coetzer
3608,Subramaniam Badrinath
3609,Leon Johnson
3610,Brendan Nash
3611,Kemar Roach
3612,Rakeep Patel
3613,Dorakanti Balaji Rao
3614,Regan West
3615,Brett Geeves
3616,Naeem Islam
3617,Imrul Kayes
3618,Peter Siddle
3619,Cephas Zhuwawo
3620,Rajesh Bhudia
3621,Seren Waters
3622,Regis Chakabva
3623,Mahbubul Alam
3624,Johann Louw
3625,Jason Krejza
3626,Murali Vijay
3627,Lionel Baker
3628,Angelo Mathews
3631,Doug Bollinger
3633,Martin Guptill
3634,Neil Broom
3635,Rubel Hossain
3636,Vaughn van Jaarsveld
3637,David Warner
3638,Ryan Harris
3639,Forster Mutizwa
3640,Malcolm Waller
3641,Lonwabo Tsotsobe
3642,Wayne Parnell
3643,Callum Ferguson
3644,Ravindra Jadeja
3645,Brendon Diamanti
3647,Phillip Hughes
3648,Marcus North
3649,Mohammad Talha
3651,Peter McGlashan
3652,Ewen Thompson
3655,Moneeb Iqbal
3656,Jan Stander
3657,Ben Laughlin
3658,Roelof van der Merwe
3659,Fiqre Crockwell
3660,Glenn Blakeney
3661,Khurram Chohan
3662,Shane Harwood
3663,Noor Ali Zadran
3664,Karim Sadiq
3665,Mohammad Nabi
3666,Nawroz Mangal
3667,Asghar Afghan
3668,Raees Ahmadzai
3669,Samiullah Shinwari
3670,Hasti Gul
3671,Khaliq Dad
3672,Hamid Hassan
3673,Dawlat Ahmadzai
3674,Ruud Nijman
3675,Ahmed Shehzad
3676,Graham Onions
3677,Steven Davies
3680,Moises Henriques
3682,Rory Kleinveldt
3684,Gregor Maiden
3685,Nathan McCullum
3693,Jonathan Trott
3695,Anwar Ali
3696,Adil Rashid
3697,Dirk Nannes
3698,Mohammad Amir
3699,Isuru Udana
3701,Zulqarnain Haider
3702,Shahzaib Hasan
3703,Darren Bravo
3704,Abhishek Nayar
3705,Shaheed Keshvani
3706,Stuart Chalmers
3707,Alasdair Evans
3708,Mark Petrie
3710,Travis Dowlin
3712,Dale Richards
3713,Chadwick Walton
3714,Zameer Zahir
3715,Andrew Britton
3716,Nelon Pascal
3717,Gavin Tonge
3718,Devon Thomas
3719,Graham Manou
3720,Kieran Powell
3721,Umar Akmal
3722,Hiral Patel
3723,Jawad Dawood
3724,Joe Denly
3725,Tim Paine
3726,Ahmed Shah
3727,Mirwais Ashraf
3728,Mohammad Shahzad
3729,Shapoor Zadran
3730,Shafiqullah
3732,Royston Crandon
3733,Kyle Jarvis
3734,Trevor Garwe
3735,Clinton McKay
3736,Ryan McLaren
3737,B J Watling
3739,Adrian Barath
3740,Ashok Dinda
3741,Muthumudalige Pushpakumara
3743,Sudeep Tyagi
3745,Suranga Lakmal
3746,Suraj Randiv
3747,Thisara Perera
3748,Shafiul Islam
3749,Lahiru Thirimanne
3750,Shem Ngoche
3752,George Dockrell
3753,Usman Limbada
3754,Peter Ingram
3755,Nelson Odhiambo
3756,Steven Smith
3758,Andrew McKay
3759,Wriddhiman Saha
3761,Timothy Gruitjers
3762,Aftab Alam
3763,Shabir Noori
3764,Nitish Kumar
3765,Ajmal Shahzad
3766,Daniel Christian
3767,Abhimanyu Mithun
3768,Craig Kieswetter
3769,Shingirai Masakadza
3770,Gregory Lamb
3771,Suhrawadi Shuvo
3772,James Tredwell
3773,Shanan Stewart
3774,Michael Carberry
3775,Steven Finn
3777,Jahurul Islam
3778,Parth Desai
3779,Dinesh Chandimal
3780,Craig Ervine
3781,Michael Lumb
3782,Vinay Kumar
3783,David Miller
3784,Robert Nicol
3785,Robiul Islam
3786,Umesh Yadav
3787,Jeevan Mendis
3788,Ravichandran Ashwin
3789,Naman Ojha
3790,Pankaj Singh
3792,Tendai Chatara
3793,Umar Amin
3794,Tom Cooper
3795,Joshua Davey
3796,Matthew Parker
3797,Preston Mommsen
3798,Asad Shafiq
3799,Josh Hazlewood
3801,Jimmy Hansra
3802,James Hall
3803,Nigel Jones
3804,Rory McCann
3805,James Ngoche
3806,Francis Otieno
3807,Wesley Barresi
3808,Oli Hairs
3809,Andy Balbirnie
3810,Bradley Kruger
3812,Dominic Wesonga
3813,Javed Ahmadi
3814,Albert van der Merwe
3815,Bernard Loots
3816,Azhar Ali
3817,Kane Williamson
3818,Thomas Heggelman
3819,Noor
3820,Ryan Flannigan
3821,Mohammad Irfan
3822,Ian Nicolson
3823,Colin Ingram
3824,Rusty Theron
3826,Cheteshwar Pujara
3827,Abdullah Mazari
3828,Izatullah Dawlatzai
3829,Hamish Bennett
3830,Mitchell Starc
3831,John Hastings
3832,Shikhar Dhawan
3833,Saurabh Tiwary
3834,Xavier Doherty
3835,Adnan Akmal
3836,Andre Russell
3837,Tanvir Ahmed
3838,Jaydev Unadkat
3839,Adam Milne
3840,Dean Brownlie
3841,Luke Woodcock
3842,Usman Khawaja
3845,Aaron Finch
3846,Chris Woakes
3847,Faf du Plessis
3848,Tyson Gordon
3849,Berend Westdijk
3850,Imran Tahir
3851,Karl Whatham
3852,Devendra Bishoo
3853,Kirk Edwards
3854,James Pattinson
3855,Junaid Khan
3856,Mohammad Salman
3858,Danza Hyatt
3859,Ashley Nurse
3860,Hammad Azam
3861,Anthony Martin
3862,Usman Salahuddin
3863,Kraigg Brathwaite
3865,Jade Dernbach
3866,Neil Kruger
3867,Michael Swart
3868,Safyaan Sharif
3869,Ahsan Malik
3870,Vinoo Tewarie
3871,Dimuth Karunaratne
3872,Brian Vitori
3873,Hamza Tariq
3874,Junaid Siddiqui
3875,Dawlat Zadran
3876,Rustam Bhatti
3877,Gulbadin Naib
3878,Nasir Hossain
3879,Shuvagata Hom
3880,Shaminda Eranga
3881,Seekkuge Prasanna
3882,Scott Borthwick
3883,Ben Stokes
3884,James Taylor
3885,Nathan Lyon
3887,Alexander Hales
3888,Jos Butler
3889,Ajinkya Rahane
3890,Aizaz Cheema
3891,Duncan Allan
3892,Runish Gudhka
3893,Irfan Karim
3894,Lucas Oluoch
3895,Stephan Myburgh
3896,Emmanuel Ringera
3897,Wilfred Diepeveen
3898,Yasir Shah
3900,Jonny Bairstow
3901,Zahid Hussain
3903,Johnson Charles
3908,Carlos Brathwaite
3909,Patrick Cummins
3910,Matthew Wade
3911,Douglas Bracewell
3912,Mitchell Marsh
3913,Graeme Aldridge
3914,Nuwan Pradeep
3915,Elias Sunny
3916,Varun Aaron
3917,Stuart Meaker
3918,Natsai Mushangwe
3919,Njabulo Ncube
3921,Kosala Kulasekara
3922,Sunil Narine
3923,Rahul Sharma
3924,Trent Boult
3925,Jason Mohammed
3927,Marchant de Lange
3928,Sachithra Senanayake
3929,George Bailey
3930,James Faulkner
3931,Andrew Ellis
3932,Tom Latham
3933,Tarun Nethula
3934,Michael Bates
3935,Amir Hamza
3936,Colin de Grandhomme
3938,Peter Forrest
3940,Danny Briggs
3941,Max Sorensen
3944,Timm van der Gugten
3945,Raza
3946,Craig Wallace
3949,Zakiullah Zaki
3951,Farhaan Behardien
3952,Shannon Gabriel
3955,Rahat Ali
3956,Sajeewa Weerakoon
3958,Tim Murtagh
3960,Najibullah Zadran
3961,Damodar Daesrath
3962,Jeremy Gordon
3963,Darren Ramsammy
3964,Zeeshan Siddiqi
3965,Abul Hasan
3966,Ziaur Rahman
3968,Dean Elgar
3969,Glenn Maxwell
3970,Raza Hasan
3972,Dilshan Munaweera
3973,Akila Dananjaya
3975,Sohag Gazi
3976,Veerasammy Permaul
3978,Todd Astle
3979,Anamul Haque
3980,Mominul Haque
3981,Joe Root
3983,Corey Anderson
3984,Mitchell McClenaghan
3985,Colin Munro
3986,James Neesham
3987,Henry Davids
3988,Quinton de Kock
3989,Chris Morris
3990,Aaron Phangiso
3991,Bhuvneshwar Kumar
3993,Mohammed Shami
3994,Kusal Perera
3995,Ben Cutting
3996,Kane Richardson
3998,Jason Holder
3999,Hamish Rutherford
4001,Nathan Coulter
4002,Kyle Abbott
4003,Ehsan Adil
4004,Tinotenda Mutombodzi
4005,Neil Carter
4006,Matthew Machan
4007,David Murphy
4008,Iain Wardlaw
4009,Rahmat Shah
4010,Mohibullah Paak
4012,Kithuruwan Vithanage
4013,Robert Taylor
4014,Nikhil Dutta
4016,Rayyankhan Pathan
4017,Angelo Perera
4018,Shamsur Rahman
4019,Richmond Mutumbami
4020,Michael Rippon
4021,Paul van Meekeren
4022,Sikandar Raza
4027,Vijay Shankar
4028,Mohit Sharma
4033,Kedar Jadhav
4034,Siddarth Kaul
4062,Jasprit Bumrah
4063,Yuzvendra Chahal
4064,Rishi Dhawan
4066,Dhawal Kulkarni
4069,Ambati Rayudu
4083,Manish Pandey
4089,Stuart Binny
4108,Chris Lynn
4115,Karn Sharma
4123,Karun Nair
4137,KL Rahul
4185,Faiz Fazal
4201,Michael Neser
4212,Gurkeerat Singh Mann
4218,Asad Ali
4219,James Shannon
4220,Freddie Coleman
4221,Matthew Cross
4222,Michael Leask
4224,Ashton Agar
4225,Haris Sohail
4226,Zulfiqar Babar
4227,Michael Chinouya
4228,David Wiese
4230,Sohaib Maqsood
4231,Benjamin Cooper
4232,Kenneth Kamyuka
4233,Fawad Ahmed
4234,Gary Ballance
4235,Hamish Gardiner
4236,Edward Richardson
4237,Stuart Thompson
4238,Chris Jordan
4239,Hashmatullah Shahidi
4240,Dhiren Gondaria
4241,Gurdeep Singh
4243,Ish Sodhi
4245,Afsar Zazai
4246,Shan Masood
4247,Al
4248,Anton Devcich
4249,Sheldon Cottrell
4250,Bilawal Bhatti
4252,Sharjeel Khan
4253,Usman Shinwari
4254,Ashan Priyanjan
4255,Vivian Kingma
4257,Matthew Henry
4258,Ahmed Raza
4259,Manjula Guruge
4260,Kamran Shahzad
4261,Swapnil Patil
4262,Rohan Mustafa
4263,Salman Faris
4264,Shaiman Anwar
4266,Mohammad Mithun
4267,Arafat Sunny
4268,Sabbir Rahman
4269,Miguel Cummins
4270,Chaturanga de Silva
4271,Moeen Ali
4272,Stephen Parry
4273,Beuran Hendricks
4274,Najeeb Tarakai
4275,Aizaz Khan
4277,Babar Hayat
4278,Mark Chapman
4279,Haseeb Amjad
4280,Nizakat Khan
4281,Tanwir Afzal
4282,Waqas Barkat
4283,Binod Bhandari
4285,Shakti Gauchan
4286,Subash Khakurel
4287,Gyanendra Malla
4289,Basant Regmi
4290,Sagar Pun
4291,Sompal Kami
4292,Sharad Vesawkar
4293,Paras Khadka
4294,Andy McBrine
4298,Ehsan Nawaz
4299,Taskin Ahmed
4300,Usman Ghani
4301,Ankur Sharma
4302,Fayyaz Ahmed
4304,Krishna Chandran
4305,Mohammad Naveed
4306,Mohammad Shahzad
4307,Harry Gurney
4310,Axar Patel
4311,Parvez Rasool
4312,Jermaine Blackwood
4313,Sharafuddin Ashraf
4314,Donald Tiripano
4315,Nasir Jamal
4316,Niroshan Dickwella
4318,John Nyumbu
4319,Luke Jongwe
4320,Neville Madziva
4321,Rilee Rossouw
4322,Mthokozisi Shezi
4324,Taijul Islam
4325,Jason Roy
4326,Stuart Poynter
4327,John Anderson
4328,Craig Young
4329,Graeme McCarter
4331,Sean Abbott
4332,Saad Nasim
4334,Jubair Hossain
4335,Lahiru Gamage
4336,Brian Chari
4339,Kagiso Rabada
4340,Reeza Hendricks
4341,Assad Vala
4342,Tony Ura
4343,Lega Siaka
4344,Vani Morea
4345,Mahuru Dai
4346,Charles Amini
4347,Jack Vare
4348,Willie Gavera
4349,Pipi Raho
4350,Christopher Amini
4351,Anshuman Rath
4352,Kinchit Shah
4353,Norman Vanua
4354,Solomon Mire
4356,Waqas Khan
4359,Peter Moor
4360,Andri Berenger
4361,Salman Farooq
4362,Soumya Sarkar
4363,Fareed Ahmad
4364,Nasir Aziz
4365,Saqlain Haider
4367,Tharindu Kaushal
4369,Joseph Burns
4370,Temba Bavuma
4373,Jonathan Carter
4374,Gurinder Sandhu
4375,Peter Chase
4380,Dushmantha Chameera
4383,Andrew Tye
4386,Travis Head
4387,Shreyas Iyer
4389,Marcus Stoinis
4390,Jayant Yadav
4393,Shardul Thakur
4399,Hardik Pandya
4412,Mohammad Rizwan
4413,Sami Aslam
4414,Mustafizur Rahman
4417,Shai Hope
4418,Zafar Ansari
4419,James Vince
4420,David Willey
4421,Mark Wood
4423,Imad Wasim
4425,Babar Azam
4426,Roy Kaia
4427,Shane Dowrich
4428,Sam Billings
4429,Mitchell Santner
4430,Liton Das
4432,Ben Wheeler
4435,George Munsey
4436,Mark Watt
4437,Con de Lange
4439,Andrew Mathieson
4441,Karan KC
4450,Abdul Shakoor
4451,Irfan Sajid
4452,Umair Ali
4453,Milinda Siriwardana
4454,Sachith Pathirana
4457,John Reva
4459,Taurai Muzarabani
4460,Chad Soper
4461,Zeeshan Maqsood
4462,Khawar Ali
4464,Jatinder Singh
4469,Mohammad Nadeem
4472,Dhananjaya de Silva
4474,Jeffrey Vandersay
4475,Shehan Jayasuriya
4476,Dasun Shanaka
4477,George Worker
4479,Reece Topley
4480,Aamer Yamin
4481,Bilal Asif
4482,Wellington Masakadza
4483,Tendai Chisoro
4484,Rashid Khan
4485,Kusal Mendis
4487,Danushka Gunathilaka
4488,Iftikhar Ahmed
4489,Christopher Carter
4490,Asif Iqbal
4491,Yodhin Punja
4492,Laxman Sreekumar
4493,Zaheer Maqsood
4494,Zafar Gohar
4495,Qadeer Ahmed
4496,Usman Mushtaq
4498,Bilal Khan
4500,Aqib Ilyas
4505,Rokhan Barakzai
4506,Sayed Shirzad
4507,Yamin Ahmadzai
4509,Henry Nicholls
4510,Joel Paris
4511,Scott Boland
4512,Barinder Sran
4514,Nurul Hasan
4515,Abu Hider
4516,Mosaddeck Hossain
4519,Ishtiaq Muhammad
4520,Brad Wheal
4526,Muhammad Usman
4527,Adam Zampa
4528,Sese Bau
4529,Hiri Hiri
4530,Nosaina Pokana
4531,Kasun Rajitha
4532,Asela Gunaratne
4534,Tanveer Ahmed
4536,Mohammad Nawaz
4538,Evin Lewis
4539,Khaleel Ahmed
4542,Rishabh Pant
4557,Deepak Chahar
4558,Peter Handscomb
4562,Tabraiz Shamsi
4563,Barry McCarthy
4564,Chaminda Bandara
4565,Ruaidhri Smith
4566,Liam Dawson
4568,Jacob Ball
4569,Sean Terry
4570,Roston Chase
4571,Lakshan Sandakan
4572,Prince Masvaure
4574,Vishwa Fernando
4575,Alzarri Joseph
4576,Rameez Shahzad
4577,Christopher Sole
4579,Hasan Ali
4580,M Amila Aponso
4581,Avishka Fernando
4582,Ehsan Khan
4583,Shahid Wasif
4584,Josh Little
4585,Jacob Mulder
4586,Lorcan Tucker
4587,Nicholas Pooran
4588,Andile Phehlukwayo
4589,Dwaine Pretorius
4590,Naveen
4591,Daniel Worrall
4592,Kesrick Williams
4593,Rumman Raees
4594,Christopher Tremain
4595,Joe Mennie
4596,Ben Duckett
4598,Mehidy Hasan
4599,Lahiru Kumara
4600,Carl Mumba
4601,Keshav Maharaj
4602,Dogodo Bau
4603,Kyle Christie
4605,Rovman Powell
4608,Tarisai Musakanda
4609,Lockie Ferguson
4611,Karim Janat
4613,Mohammed Qasim
4614,Ghulam Shabber
4615,Hazratullah Zazai
4617,Imran Haider
4619,Subashis Roy
4620,Tanbir Hayder
4621,Hilton Cartwright
4625,Duanne Olivier
4626,Billy Stanlake
4628,Kaleemullah
4629,Khurram Nawaz
4632,Zahoor Khan
4633,Nazmul Hossain Shanto
4636,Lungisani Ngidi
4639,Cameron McAuslan
4640,Adnan Mufti
4641,Dane Paterson
4642,Sandun Weerakkody
4643,Sam Heazlett
4644,Lahiru Madushanka
4645,Ryan Burl
4646,Richard Ngarava
4648,Ashton Turner
4650,Jhye Richardson
4651,Ihsanullah
4652,Kuldeep Yadav
4653,Shadab Khan
4654,Fakhar Zaman
4660,Chirag Suri
4675,Mohammed Siraj
4676,Alei Nao
4677,Mohammad Saifuddin
4680,Sultan Ahmed
4681,Shimron Hetmeyer
4683,Mohammad Abbas
4684,Washington Sundar
4685,Scott Kuggeleijn
4686,Seth Rance
4687,Simi Singh
4688,Sunzamul Islam
4689,Toby Roland
4690,Faheem Ashraf
4693,Tom Curran
4694,Dawid Malan
4695,Kyle Hope
4696,Wanidu Hasaranga
4697,Asitha Fernando
4699,Malinda Pushpakumara
4701,Aiden Markram
4702,Sunil Ambris
4703,Stuart Whittingham
4704,Edagedara Samarawickrama
4705,Jason Behrendorff
4706,Imam
4707,Willem Mulder
4710,Kiplin Doriga
4711,Damien Ravu
4712,Craig Overton
4714,Mujeeb Ur Rahman
4715,Scott McKechnie
4716,Raymon Reifer
4718,Ronsford Beaton
4719,Blessing Muzarabani
4721,Ashfaq Ahmed
4722,Mohammad Boota
4723,Michael Jones
4724,Ton Sole
4725,Scott Cameron
4726,Alex Carey
4727,Amir Hayat
4728,Shehan Madushanka
4729,D'Arcy Short
4730,Khayelihle Zondo
4731,Heinrich Klaasen
4732,Tim Seifert
4735,Ariful Haque
4736,Nazmul Islam
4738,Abu Jayed
4739,Junior Dala
4740,Christiaan Jonker
4741,Jason Kila
4742,Keemo Paul
4743,Simandeep Singh
4746,Hussain Talat
4747,Asif Ali
4757,Sandeep Lamichhane
4769,Shubman Gill
4777,Jofra Archer
4782,Zahir Khan
4787,Sam Curran
4788,Dylan Budge
4791,Bas de Leede
4792,Scott Edwards
4793,Shane Snater
4794,Fred Klaassen
4798,Shaheen Shah Afridi
4800,Brandon Mavuta
4802,Ryan Murray
4803,Liam Roche
4804,Tinashe Kamunhukamwe
4805,Prabath Jayasuriya
4807,Anil Sah
4808,Aarif Sheikh
4809,Dipendra Singh Airee
4810,Lallit Rajbanshi
4811,Daniel ter Braak
4812,Rohit Kumar
4813,Lalit Bhandari
4817,Rassie van der Dussen
4819,Olly Stone
4821,Chandrapaul Hemraj
4822,Oshane Thomas
4823,Fazle Mahmud
4825,Obed McCoy
4826,Fabian Allen
4827,Kamindu Mendis
4832,Ben Foakes
4840,John Campbell
4842,Pawan Sarraf
4843,Fahad Nawaz
4844,Chundangapoyil Rizwan
4845,Sundeep Jora
4852,Oshada Fernando
4854,Fayyaz Butt
4921,Sandeep Goud
4926,James McCollum
4927,James Cameron
4928,Ikram Ali Khil
4929,Anrich Nortje
4950,Priyamal Perera
4952,Jaskaran Malhotra
4953,Steven Taylor
4954,Monank Patel
4956,Hayden Walsh
4957,Aaron Jones
4958,Jessy Singh
4959,Timil Patel
4960,Saurabh Netravalkar
4984,Zakir Hossain
4991,Mohammad Hasnain
4992,Abid Ali
4993,Saad Ali
5020,Karima Gore
5021,Ali Khan
5022,Simon Atai
5023,Stephan Baard
5024,Karl Birkenstock
5025,J P Kotze
5026,Gerhard Erasmus
5027,Craig Williams
5028,J J Smit
5029,Zane Green
5030,Christi Viljoen
5031,Jan Frylinck
5032,Pikky Ya France
5033,Bernard Scholtz
5034,Suraj Kumar
5089,Mark Adair
